Time,Driver,DriverNumber,LapTime,LapNumber,Stint,PitOutTime,PitInTime,Sector1Time,Sector2Time,Sector3Time,Sector1SessionTime,Sector2SessionTime,Sector3SessionTime,SpeedI1,SpeedI2,SpeedFL,SpeedST,IsPersonalBest,Compound,TyreLife,FreshTyre,Team,LapStartTime,LapStartDate,TrackStatus,Position,Deleted,DeletedReason,FastF1Generated,IsAccurate,LapTime (s)
0 days 03:39:55.820000,VER,1,0 days 00:01:53.170000,42.0,3.0,,,0 days 00:00:30.004000,0 days 00:00:43.516000,0 days 00:00:39.650000,0 days 03:38:32.644000,0 days 03:39:16.160000,0 days 03:39:55.810000,284.0,260.0,249.0,279.0,True,SOFT,2.0,True,Red Bull Racing,0 days 03:38:02.650000,2022-10-02 14:39:02.657,1,12.0,False,,False,True,113.17
0 days 03:41:47.190000,VER,1,0 days 00:01:51.370000,43.0,3.0,,,0 days 00:00:29.616000,0 days 00:00:42.695000,0 days 00:00:39.059000,0 days 03:40:25.426000,0 days 03:41:08.121000,0 days 03:41:47.180000,287.0,264.0,251.0,283.0,True,SOFT,3.0,True,Red Bull Racing,0 days 03:39:55.820000,2022-10-02 14:40:55.827,1,12.0,False,,False,True,111.37
0 days 03:43:37.806000,VER,1,0 days 00:01:50.616000,44.0,3.0,,,0 days 00:00:29.519000,0 days 00:00:42.387000,0 days 00:00:38.710000,0 days 03:42:16.699000,0 days 03:42:59.086000,0 days 03:43:37.796000,290.0,262.0,250.0,286.0,True,SOFT,4.0,True,Red Bull Racing,0 days 03:41:47.190000,2022-10-02 14:42:47.197,1,12.0,False,,False,True,110.616
0 days 03:45:27.855000,VER,1,0 days 00:01:50.049000,45.0,3.0,,,0 days 00:00:29.386000,0 days 00:00:42.124000,0 days 00:00:38.539000,0 days 03:44:07.182000,0 days 03:44:49.306000,0 days 03:45:27.845000,291.0,265.0,251.0,,True,SOFT,5.0,True,Red Bull Racing,0 days 03:43:37.806000,2022-10-02 14:44:37.813,1,12.0,False,,False,True,110.049
0 days 03:47:19.679000,VER,1,0 days 00:01:51.824000,46.0,3.0,,,0 days 00:00:29.389000,0 days 00:00:42.554000,0 days 00:00:39.881000,0 days 03:45:57.234000,0 days 03:46:39.788000,0 days 03:47:19.669000,292.0,268.0,250.0,285.0,False,SOFT,6.0,True,Red Bull Racing,0 days 03:45:27.855000,2022-10-02 14:46:27.862,1,12.0,False,,False,True,111.824
0 days 03:49:11.134000,VER,1,0 days 00:01:51.455000,47.0,3.0,,,0 days 00:00:29.854000,0 days 00:00:42.726000,0 days 00:00:38.875000,0 days 03:47:49.523000,0 days 03:48:32.249000,0 days 03:49:11.124000,306.0,267.0,252.0,297.0,False,SOFT,7.0,True,Red Bull Racing,0 days 03:47:19.679000,2022-10-02 14:48:19.686,1,11.0,False,,False,True,111.455
0 days 03:51:01.642000,VER,1,0 days 00:01:50.508000,48.0,3.0,,,0 days 00:00:29.342000,0 days 00:00:42.592000,0 days 00:00:38.574000,0 days 03:49:40.466000,0 days 03:50:23.058000,0 days 03:51:01.632000,308.0,265.0,254.0,288.0,False,SOFT,8.0,True,Red Bull Racing,0 days 03:49:11.134000,2022-10-02 14:50:11.141,1,11.0,False,,False,True,110.508
0 days 03:52:51.586000,VER,1,0 days 00:01:49.944000,49.0,3.0,,,0 days 00:00:29.215000,0 days 00:00:42.405000,0 days 00:00:38.324000,0 days 03:51:30.847000,0 days 03:52:13.252000,0 days 03:52:51.576000,296.0,267.0,254.0,,True,SOFT,9.0,True,Red Bull Racing,0 days 03:51:01.642000,2022-10-02 14:52:01.649,1,11.0,False,,False,True,109.944
0 days 03:54:41.836000,VER,1,0 days 00:01:50.250000,50.0,3.0,,,0 days 00:00:29.322000,0 days 00:00:42.342000,0 days 00:00:38.586000,0 days 03:53:20.898000,0 days 03:54:03.240000,0 days 03:54:41.826000,298.0,277.0,254.0,290.0,False,SOFT,10.0,True,Red Bull Racing,0 days 03:52:51.586000,2022-10-02 14:53:51.593,1,10.0,False,,False,True,110.25
0 days 03:56:31.682000,VER,1,0 days 00:01:49.846000,51.0,3.0,,,0 days 00:00:29.631000,0 days 00:00:41.998000,0 days 00:00:38.217000,0 days 03:55:11.457000,0 days 03:55:53.455000,0 days 03:56:31.672000,310.0,267.0,253.0,301.0,True,SOFT,11.0,True,Red Bull Racing,0 days 03:54:41.836000,2022-10-02 14:55:41.843,1,9.0,False,,False,True,109.846
0 days 03:58:20.824000,VER,1,0 days 00:01:49.142000,52.0,3.0,,,0 days 00:00:29.208000,0 days 00:00:41.855000,0 days 00:00:38.079000,0 days 03:57:00.880000,0 days 03:57:42.735000,0 days 03:58:20.814000,290.0,263.0,254.0,286.0,True,SOFT,12.0,True,Red Bull Racing,0 days 03:56:31.682000,2022-10-02 14:57:31.689,1,9.0,False,,False,True,109.142
0 days 04:00:10.803000,VER,1,0 days 00:01:49.979000,53.0,3.0,,,0 days 00:00:29.093000,0 days 00:00:41.640000,0 days 00:00:39.246000,0 days 03:58:49.907000,0 days 03:59:31.547000,0 days 04:00:10.793000,298.0,279.0,252.0,291.0,False,SOFT,13.0,True,Red Bull Racing,0 days 03:58:20.824000,2022-10-02 14:59:20.831,1,9.0,False,,False,True,109.979
0 days 04:02:01.693000,VER,1,0 days 00:01:50.890000,54.0,3.0,,,0 days 00:00:29.556000,0 days 00:00:42.309000,0 days 00:00:39.025000,0 days 04:00:40.349000,0 days 04:01:22.658000,0 days 04:02:01.683000,312.0,280.0,254.0,300.0,False,SOFT,14.0,True,Red Bull Racing,0 days 04:00:10.803000,2022-10-02 15:01:10.810,1,9.0,False,,False,True,110.89
0 days 04:03:52.571000,VER,1,0 days 00:01:50.878000,55.0,3.0,,,0 days 00:00:29.341000,0 days 00:00:42.398000,0 days 00:00:39.139000,0 days 04:02:31.024000,0 days 04:03:13.422000,0 days 04:03:52.561000,309.0,277.0,254.0,303.0,False,SOFT,15.0,True,Red Bull Racing,0 days 04:02:01.693000,2022-10-02 15:03:01.700,1,9.0,False,,False,True,110.878
0 days 04:05:43.223000,VER,1,0 days 00:01:50.652000,56.0,3.0,,,0 days 00:00:29.208000,0 days 00:00:42.604000,0 days 00:00:38.840000,0 days 04:04:21.769000,0 days 04:05:04.373000,0 days 04:05:43.213000,307.0,278.0,255.0,301.0,False,SOFT,16.0,True,Red Bull Racing,0 days 04:03:52.571000,2022-10-02 15:04:52.578,1,9.0,False,,False,True,110.652
0 days 04:07:34.157000,VER,1,0 days 00:01:50.934000,57.0,3.0,,,0 days 00:00:29.430000,0 days 00:00:42.832000,0 days 00:00:38.672000,0 days 04:06:12.643000,0 days 04:06:55.475000,0 days 04:07:34.147000,311.0,278.0,256.0,304.0,False,SOFT,17.0,True,Red Bull Racing,0 days 04:05:43.223000,2022-10-02 15:06:43.230,1,8.0,False,,False,True,110.934
0 days 04:09:24.754000,VER,1,0 days 00:01:50.597000,58.0,3.0,,,0 days 00:00:29.267000,0 days 00:00:43.194000,0 days 00:00:38.136000,0 days 04:08:03.414000,0 days 04:08:46.608000,0 days 04:09:24.744000,313.0,277.0,255.0,302.0,False,SOFT,18.0,True,Red Bull Racing,0 days 04:07:34.157000,2022-10-02 15:08:34.164,1,8.0,False,,False,True,110.597
0 days 04:11:15.822000,VER,1,0 days 00:01:51.068000,59.0,3.0,,,0 days 00:00:29.181000,0 days 00:00:42.653000,0 days 00:00:39.234000,0 days 04:09:53.925000,0 days 04:10:36.578000,0 days 04:11:15.812000,315.0,264.0,209.0,300.0,False,SOFT,19.0,True,Red Bull Racing,0 days 04:09:24.754000,2022-10-02 15:10:24.761,1,7.0,False,,False,True,111.068
0 days 03:43:19.598000,GAS,10,0 days 00:01:53.713000,44.0,2.0,,,0 days 00:00:30.271000,0 days 00:00:43.198000,0 days 00:00:40.244000,0 days 03:41:56.190000,0 days 03:42:39.388000,0 days 03:43:19.632000,,263.0,244.0,285.0,True,MEDIUM,11.0,True,AlphaTauri,0 days 03:41:25.885000,2022-10-02 14:42:25.892,1,9.0,False,,False,True,113.713
0 days 03:47:08.971000,GAS,10,0 days 00:01:53.497000,46.0,2.0,,,0 days 00:00:30.486000,0 days 00:00:43.106000,0 days 00:00:39.905000,0 days 03:45:45.994000,0 days 03:46:29.100000,0 days 03:47:09.005000,294.0,265.0,247.0,297.0,True,MEDIUM,13.0,True,AlphaTauri,0 days 03:45:15.474000,2022-10-02 14:46:15.481,1,9.0,False,,False,True,113.497
0 days 03:49:01.905000,GAS,10,0 days 00:01:52.934000,47.0,2.0,,,0 days 00:00:30.063000,0 days 00:00:42.966000,0 days 00:00:39.905000,0 days 03:47:39.068000,0 days 03:48:22.034000,0 days 03:49:01.939000,295.0,262.0,249.0,285.0,True,MEDIUM,14.0,True,AlphaTauri,0 days 03:47:08.971000,2022-10-02 14:48:08.978,1,9.0,False,,False,True,112.934
0 days 03:50:54.583000,GAS,10,0 days 00:01:52.678000,48.0,2.0,,,0 days 00:00:30.081000,0 days 00:00:42.635000,0 days 00:00:39.962000,0 days 03:49:32.020000,0 days 03:50:14.655000,0 days 03:50:54.617000,294.0,265.0,249.0,286.0,True,MEDIUM,15.0,True,AlphaTauri,0 days 03:49:01.905000,2022-10-02 14:50:01.912,1,9.0,False,,False,True,112.678
0 days 03:54:41.421000,GAS,10,0 days 00:01:52.307000,50.0,2.0,,,0 days 00:00:30.058000,0 days 00:00:42.840000,0 days 00:00:39.409000,0 days 03:53:19.206000,0 days 03:54:02.046000,0 days 03:54:41.455000,291.0,262.0,247.0,283.0,True,MEDIUM,17.0,True,AlphaTauri,0 days 03:52:49.114000,2022-10-02 14:53:49.121,1,9.0,False,,False,True,112.307
0 days 03:58:27.873000,GAS,10,0 days 00:01:51.753000,52.0,2.0,,,0 days 00:00:29.955000,0 days 00:00:42.824000,0 days 00:00:38.974000,0 days 03:57:06.109000,0 days 03:57:48.933000,0 days 03:58:27.907000,,263.0,248.0,284.0,True,MEDIUM,19.0,True,AlphaTauri,0 days 03:56:36.120000,2022-10-02 14:57:36.127,1,10.0,False,,False,True,111.753
0 days 04:00:19.222000,GAS,10,0 days 00:01:51.349000,53.0,2.0,,,0 days 00:00:29.755000,0 days 00:00:42.358000,0 days 00:00:39.236000,0 days 03:58:57.662000,0 days 03:59:40.020000,0 days 04:00:19.256000,,261.0,249.0,,True,MEDIUM,20.0,True,AlphaTauri,0 days 03:58:27.873000,2022-10-02 14:59:27.880,1,10.0,False,,False,True,111.349
0 days 04:02:09.950000,GAS,10,0 days 00:01:50.728000,54.0,2.0,,,0 days 00:00:29.843000,0 days 00:00:42.115000,0 days 00:00:38.770000,0 days 04:00:49.099000,0 days 04:01:31.214000,0 days 04:02:09.984000,290.0,262.0,248.0,,True,MEDIUM,21.0,True,AlphaTauri,0 days 04:00:19.222000,2022-10-02 15:01:19.229,1,10.0,False,,False,True,110.728
0 days 04:04:00.786000,GAS,10,0 days 00:01:50.836000,55.0,2.0,,,0 days 00:00:29.724000,0 days 00:00:42.302000,0 days 00:00:38.810000,0 days 04:02:39.708000,0 days 04:03:22.010000,0 days 04:04:00.820000,,263.0,248.0,,False,MEDIUM,22.0,True,AlphaTauri,0 days 04:02:09.950000,2022-10-02 15:03:09.957,1,10.0,False,,False,True,110.836
0 days 04:05:51.355000,GAS,10,0 days 00:01:50.569000,56.0,2.0,,,0 days 00:00:29.743000,0 days 00:00:42.116000,0 days 00:00:38.710000,0 days 04:04:30.563000,0 days 04:05:12.679000,0 days 04:05:51.389000,291.0,264.0,248.0,,True,MEDIUM,23.0,True,AlphaTauri,0 days 04:04:00.786000,2022-10-02 15:05:00.793,1,10.0,False,,False,True,110.569
0 days 04:07:43.017000,GAS,10,0 days 00:01:51.662000,57.0,2.0,,,0 days 00:00:29.908000,0 days 00:00:42.782000,0 days 00:00:38.972000,0 days 04:06:21.297000,0 days 04:07:04.079000,0 days 04:07:43.051000,,262.0,249.0,,False,MEDIUM,24.0,True,AlphaTauri,0 days 04:05:51.355000,2022-10-02 15:06:51.362,1,10.0,False,,False,True,111.662
0 days 04:09:33.911000,GAS,10,0 days 00:01:50.894000,58.0,2.0,,,0 days 00:00:29.749000,0 days 00:00:42.328000,0 days 00:00:38.817000,0 days 04:08:12.800000,0 days 04:08:55.128000,0 days 04:09:33.945000,,263.0,249.0,285.0,False,MEDIUM,25.0,True,AlphaTauri,0 days 04:07:43.017000,2022-10-02 15:08:43.024,1,10.0,False,,False,True,110.894
0 days 04:11:26.566000,GAS,10,0 days 00:01:52.655000,59.0,2.0,,,0 days 00:00:29.890000,0 days 00:00:42.782000,0 days 00:00:39.983000,0 days 04:10:03.835000,0 days 04:10:46.617000,0 days 04:11:26.600000,,262.0,215.0,284.0,False,MEDIUM,26.0,True,AlphaTauri,0 days 04:09:33.911000,2022-10-02 15:10:33.918,1,10.0,False,,False,True,112.655
0 days 03:37:17.423000,PER,11,0 days 00:01:53.693000,41.0,2.0,,,0 days 00:00:30.169000,0 days 00:00:43.584000,0 days 00:00:39.940000,0 days 03:35:53.899000,0 days 03:36:37.483000,0 days 03:37:17.423000,288.0,259.0,246.0,280.0,True,MEDIUM,6.0,True,Red Bull Racing,0 days 03:35:23.730000,2022-10-02 14:36:23.737,1,1.0,False,,False,True,113.693
0 days 03:39:10.124000,PER,11,0 days 00:01:52.701000,42.0,2.0,,,0 days 00:00:30.105000,0 days 00:00:42.773000,0 days 00:00:39.823000,0 days 03:37:47.528000,0 days 03:38:30.301000,0 days 03:39:10.124000,287.0,261.0,247.0,281.0,True,MEDIUM,7.0,True,Red Bull Racing,0 days 03:37:17.423000,2022-10-02 14:38:17.430,1,1.0,False,,False,True,112.701
0 days 03:41:02.027000,PER,11,0 days 00:01:51.903000,43.0,2.0,,,0 days 00:00:29.761000,0 days 00:00:42.541000,0 days 00:00:39.601000,0 days 03:39:39.885000,0 days 03:40:22.426000,0 days 03:41:02.027000,,261.0,248.0,282.0,True,MEDIUM,8.0,True,Red Bull Racing,0 days 03:39:10.124000,2022-10-02 14:40:10.131,1,1.0,False,,False,True,111.903
0 days 03:42:53.382000,PER,11,0 days 00:01:51.355000,44.0,2.0,,,0 days 00:00:29.592000,0 days 00:00:42.534000,0 days 00:00:39.229000,0 days 03:41:31.619000,0 days 03:42:14.153000,0 days 03:42:53.382000,289.0,261.0,250.0,283.0,True,MEDIUM,9.0,True,Red Bull Racing,0 days 03:41:02.027000,2022-10-02 14:42:02.034,1,1.0,False,,False,True,111.355
0 days 03:44:43.920000,PER,11,0 days 00:01:50.538000,45.0,2.0,,,0 days 00:00:29.436000,0 days 00:00:42.049000,0 days 00:00:39.053000,0 days 03:43:22.818000,0 days 03:44:04.867000,0 days 03:44:43.920000,,262.0,250.0,284.0,True,MEDIUM,10.0,True,Red Bull Racing,0 days 03:42:53.382000,2022-10-02 14:43:53.389,1,1.0,False,,False,True,110.538
0 days 03:46:34.283000,PER,11,0 days 00:01:50.363000,46.0,2.0,,,0 days 00:00:29.385000,0 days 00:00:42.163000,0 days 00:00:38.815000,0 days 03:45:13.305000,0 days 03:45:55.468000,0 days 03:46:34.283000,,262.0,250.0,283.0,True,MEDIUM,11.0,True,Red Bull Racing,0 days 03:44:43.920000,2022-10-02 14:45:43.927,1,1.0,False,,False,True,110.363
0 days 03:48:24.784000,PER,11,0 days 00:01:50.501000,47.0,2.0,,,0 days 00:00:29.560000,0 days 00:00:41.777000,0 days 00:00:39.164000,0 days 03:47:03.843000,0 days 03:47:45.620000,0 days 03:48:24.784000,,262.0,251.0,284.0,False,MEDIUM,12.0,True,Red Bull Racing,0 days 03:46:34.283000,2022-10-02 14:47:34.290,1,1.0,False,,False,True,110.501
0 days 03:50:14.284000,PER,11,0 days 00:01:49.500000,48.0,2.0,,,0 days 00:00:29.316000,0 days 00:00:41.753000,0 days 00:00:38.431000,0 days 03:48:54.100000,0 days 03:49:35.853000,0 days 03:50:14.284000,,261.0,251.0,282.0,True,MEDIUM,13.0,True,Red Bull Racing,0 days 03:48:24.784000,2022-10-02 14:49:24.791,1,1.0,False,,False,True,109.5
0 days 03:52:03.473000,PER,11,0 days 00:01:49.189000,49.0,2.0,,,0 days 00:00:29.400000,0 days 00:00:41.537000,0 days 00:00:38.252000,0 days 03:50:43.684000,0 days 03:51:25.221000,0 days 03:52:03.473000,290.0,262.0,254.0,284.0,True,MEDIUM,14.0,True,Red Bull Racing,0 days 03:50:14.284000,2022-10-02 14:51:14.291,1,1.0,False,,False,True,109.189
0 days 03:53:52.758000,PER,11,0 days 00:01:49.285000,50.0,2.0,,,0 days 00:00:29.228000,0 days 00:00:41.490000,0 days 00:00:38.567000,0 days 03:52:32.701000,0 days 03:53:14.191000,0 days 03:53:52.758000,289.0,263.0,251.0,285.0,False,MEDIUM,15.0,True,Red Bull Racing,0 days 03:52:03.473000,2022-10-02 14:53:03.480,1,1.0,False,,False,True,109.285
0 days 03:55:42.323000,PER,11,0 days 00:01:49.565000,51.0,2.0,,,0 days 00:00:29.236000,0 days 00:00:41.654000,0 days 00:00:38.675000,0 days 03:54:21.994000,0 days 03:55:03.648000,0 days 03:55:42.323000,290.0,263.0,250.0,,False,MEDIUM,16.0,True,Red Bull Racing,0 days 03:53:52.758000,2022-10-02 14:54:52.765,1,1.0,False,,False,True,109.565
0 days 03:57:31.164000,PER,11,0 days 00:01:48.841000,52.0,2.0,,,0 days 00:00:29.278000,0 days 00:00:41.605000,0 days 00:00:37.958000,0 days 03:56:11.601000,0 days 03:56:53.206000,0 days 03:57:31.164000,,263.0,253.0,284.0,True,MEDIUM,17.0,True,Red Bull Racing,0 days 03:55:42.323000,2022-10-02 14:56:42.330,1,1.0,False,,False,True,108.841
0 days 03:59:19.742000,PER,11,0 days 00:01:48.578000,53.0,2.0,,,0 days 00:00:29.122000,0 days 00:00:41.378000,0 days 00:00:38.078000,0 days 03:58:00.286000,0 days 03:58:41.664000,0 days 03:59:19.742000,291.0,257.0,251.0,286.0,True,MEDIUM,18.0,True,Red Bull Racing,0 days 03:57:31.164000,2022-10-02 14:58:31.171,1,1.0,False,,False,True,108.578
0 days 04:01:08.318000,PER,11,0 days 00:01:48.576000,54.0,2.0,,,0 days 00:00:29.155000,0 days 00:00:41.456000,0 days 00:00:37.965000,0 days 03:59:48.897000,0 days 04:00:30.353000,0 days 04:01:08.318000,,261.0,252.0,285.0,True,MEDIUM,19.0,True,Red Bull Racing,0 days 03:59:19.742000,2022-10-02 15:00:19.749,1,1.0,False,,False,True,108.576
0 days 04:02:56.963000,PER,11,0 days 00:01:48.645000,55.0,2.0,,,0 days 00:00:29.235000,0 days 00:00:41.506000,0 days 00:00:37.904000,0 days 04:01:37.553000,0 days 04:02:19.059000,0 days 04:02:56.963000,292.0,265.0,253.0,286.0,False,MEDIUM,20.0,True,Red Bull Racing,0 days 04:01:08.318000,2022-10-02 15:02:08.325,1,1.0,False,,False,True,108.645
0 days 04:04:45.214000,PER,11,0 days 00:01:48.251000,56.0,2.0,,,0 days 00:00:29.165000,0 days 00:00:41.311000,0 days 00:00:37.775000,0 days 04:03:26.128000,0 days 04:04:07.439000,0 days 04:04:45.214000,,265.0,253.0,287.0,True,MEDIUM,21.0,True,Red Bull Racing,0 days 04:02:56.963000,2022-10-02 15:03:56.970,1,1.0,False,,False,True,108.251
0 days 04:06:33.379000,PER,11,0 days 00:01:48.165000,57.0,2.0,,,0 days 00:00:29.113000,0 days 00:00:41.536000,0 days 00:00:37.516000,0 days 04:05:14.327000,0 days 04:05:55.863000,0 days 04:06:33.379000,,265.0,254.0,286.0,True,MEDIUM,22.0,True,Red Bull Racing,0 days 04:04:45.214000,2022-10-02 15:05:45.221,1,1.0,False,,False,True,108.165
0 days 04:08:22.388000,PER,11,0 days 00:01:49.009000,58.0,2.0,,,0 days 00:00:29.191000,0 days 00:00:41.902000,0 days 00:00:37.916000,0 days 04:07:02.570000,0 days 04:07:44.472000,0 days 04:08:22.388000,293.0,266.0,253.0,287.0,False,MEDIUM,23.0,True,Red Bull Racing,0 days 04:06:33.379000,2022-10-02 15:07:33.386,1,1.0,False,,False,True,109.009
0 days 04:10:12.040000,PER,11,0 days 00:01:49.652000,59.0,2.0,,,0 days 00:00:29.251000,0 days 00:00:42.175000,0 days 00:00:38.226000,0 days 04:08:51.639000,0 days 04:09:33.814000,0 days 04:10:12.040000,291.0,265.0,249.0,286.0,False,MEDIUM,24.0,True,Red Bull Racing,0 days 04:08:22.388000,2022-10-02 15:09:22.395,1,1.0,False,,False,True,109.652
0 days 03:37:18.086000,LEC,16,0 days 00:01:53.302000,41.0,2.0,,,0 days 00:00:30.143000,0 days 00:00:43.182000,0 days 00:00:39.977000,0 days 03:35:54.933000,0 days 03:36:38.115000,0 days 03:37:18.092000,288.0,258.0,245.0,279.0,True,MEDIUM,7.0,True,Ferrari,0 days 03:35:24.784000,2022-10-02 14:36:24.791,1,2.0,False,,False,True,113.302
0 days 03:39:10.619000,LEC,16,0 days 00:01:52.533000,42.0,2.0,,,0 days 00:00:29.893000,0 days 00:00:42.890000,0 days 00:00:39.750000,0 days 03:37:47.985000,0 days 03:38:30.875000,0 days 03:39:10.625000,291.0,261.0,247.0,282.0,True,MEDIUM,8.0,True,Ferrari,0 days 03:37:18.086000,2022-10-02 14:38:18.093,1,2.0,False,,False,True,112.533
0 days 03:41:02.343000,LEC,16,0 days 00:01:51.724000,43.0,2.0,,,0 days 00:00:29.917000,0 days 00:00:42.383000,0 days 00:00:39.424000,0 days 03:39:40.542000,0 days 03:40:22.925000,0 days 03:41:02.349000,290.0,270.0,250.0,284.0,True,MEDIUM,9.0,True,Ferrari,0 days 03:39:10.619000,2022-10-02 14:40:10.626,1,2.0,False,,False,True,111.724
0 days 03:42:53.925000,LEC,16,0 days 00:01:51.582000,44.0,2.0,,,0 days 00:00:29.833000,0 days 00:00:42.707000,0 days 00:00:39.042000,0 days 03:41:32.182000,0 days 03:42:14.889000,0 days 03:42:53.931000,303.0,267.0,250.0,295.0,True,MEDIUM,10.0,True,Ferrari,0 days 03:41:02.343000,2022-10-02 14:42:02.350,1,2.0,False,,False,True,111.582
0 days 03:44:44.253000,LEC,16,0 days 00:01:50.328000,45.0,2.0,,,0 days 00:00:29.345000,0 days 00:00:42.067000,0 days 00:00:38.916000,0 days 03:43:23.276000,0 days 03:44:05.343000,0 days 03:44:44.259000,305.0,268.0,252.0,,True,MEDIUM,11.0,True,Ferrari,0 days 03:42:53.925000,2022-10-02 14:43:53.932,1,2.0,False,,False,True,110.328
0 days 03:46:35.051000,LEC,16,0 days 00:01:50.798000,46.0,2.0,,,0 days 00:00:29.202000,0 days 00:00:42.470000,0 days 00:00:39.126000,0 days 03:45:13.461000,0 days 03:45:55.931000,0 days 03:46:35.057000,310.0,270.0,251.0,296.0,False,MEDIUM,12.0,True,Ferrari,0 days 03:44:44.253000,2022-10-02 14:45:44.260,1,2.0,False,,False,True,110.798
0 days 03:48:25.202000,LEC,16,0 days 00:01:50.151000,47.0,2.0,,,0 days 00:00:29.188000,0 days 00:00:42.198000,0 days 00:00:38.765000,0 days 03:47:04.245000,0 days 03:47:46.443000,0 days 03:48:25.208000,306.0,268.0,252.0,295.0,True,MEDIUM,13.0,True,Ferrari,0 days 03:46:35.051000,2022-10-02 14:47:35.058,1,2.0,False,,False,True,110.151
0 days 03:50:15.671000,LEC,16,0 days 00:01:50.469000,48.0,2.0,,,0 days 00:00:29.275000,0 days 00:00:41.814000,0 days 00:00:39.380000,0 days 03:48:54.483000,0 days 03:49:36.297000,0 days 03:50:15.677000,305.0,270.0,250.0,,False,MEDIUM,14.0,True,Ferrari,0 days 03:48:25.202000,2022-10-02 14:49:25.209,1,2.0,False,,False,True,110.469
0 days 03:52:04.848000,LEC,16,0 days 00:01:49.177000,49.0,2.0,,,0 days 00:00:29.402000,0 days 00:00:41.718000,0 days 00:00:38.057000,0 days 03:50:45.079000,0 days 03:51:26.797000,0 days 03:52:04.854000,290.0,260.0,251.0,284.0,True,MEDIUM,15.0,True,Ferrari,0 days 03:50:15.671000,2022-10-02 14:51:15.678,1,2.0,False,,False,True,109.177
0 days 03:53:54.184000,LEC,16,0 days 00:01:49.336000,50.0,2.0,,,0 days 00:00:29.342000,0 days 00:00:41.681000,0 days 00:00:38.313000,0 days 03:52:34.196000,0 days 03:53:15.877000,0 days 03:53:54.190000,291.0,261.0,249.0,,False,MEDIUM,16.0,True,Ferrari,0 days 03:52:04.848000,2022-10-02 14:53:04.855,1,2.0,False,,False,True,109.336
0 days 03:55:44.283000,LEC,16,0 days 00:01:50.099000,51.0,2.0,,,0 days 00:00:29.513000,0 days 00:00:42.003000,0 days 00:00:38.583000,0 days 03:54:23.703000,0 days 03:55:05.706000,0 days 03:55:44.289000,,261.0,249.0,,False,MEDIUM,17.0,True,Ferrari,0 days 03:53:54.184000,2022-10-02 14:54:54.191,1,2.0,False,,False,True,110.099
0 days 03:57:33.840000,LEC,16,0 days 00:01:49.557000,52.0,2.0,,,0 days 00:00:29.561000,0 days 00:00:41.631000,0 days 00:00:38.365000,0 days 03:56:13.850000,0 days 03:56:55.481000,0 days 03:57:33.846000,290.0,261.0,251.0,,False,MEDIUM,18.0,True,Ferrari,0 days 03:55:44.283000,2022-10-02 14:56:44.290,1,2.0,False,,False,True,109.557
0 days 03:59:22.679000,LEC,16,0 days 00:01:48.839000,53.0,2.0,,,0 days 00:00:29.555000,0 days 00:00:41.313000,0 days 00:00:37.971000,0 days 03:58:03.401000,0 days 03:58:44.714000,0 days 03:59:22.685000,289.0,261.0,251.0,,True,MEDIUM,19.0,True,Ferrari,0 days 03:57:33.840000,2022-10-02 14:58:33.847,1,2.0,False,,False,True,108.839
0 days 04:01:11.432000,LEC,16,0 days 00:01:48.753000,54.0,2.0,,,0 days 00:00:29.366000,0 days 00:00:41.451000,0 days 00:00:37.936000,0 days 03:59:52.051000,0 days 04:00:33.502000,0 days 04:01:11.438000,291.0,262.0,251.0,285.0,True,MEDIUM,20.0,True,Ferrari,0 days 03:59:22.679000,2022-10-02 15:00:22.686,1,2.0,False,,False,True,108.753
0 days 04:03:00.448000,LEC,16,0 days 00:01:49.016000,55.0,2.0,,,0 days 00:00:29.345000,0 days 00:00:41.741000,0 days 00:00:37.930000,0 days 04:01:40.783000,0 days 04:02:22.524000,0 days 04:03:00.454000,,260.0,251.0,,False,MEDIUM,21.0,True,Ferrari,0 days 04:01:11.432000,2022-10-02 15:02:11.439,1,2.0,False,,False,True,109.016
0 days 04:04:49.460000,LEC,16,0 days 00:01:49.012000,56.0,2.0,,,0 days 00:00:29.338000,0 days 00:00:41.524000,0 days 00:00:38.150000,0 days 04:03:29.792000,0 days 04:04:11.316000,0 days 04:04:49.466000,,262.0,250.0,,False,MEDIUM,22.0,True,Ferrari,0 days 04:03:00.448000,2022-10-02 15:04:00.455,1,2.0,False,,False,True,109.012
0 days 04:06:38.529000,LEC,16,0 days 00:01:49.069000,57.0,2.0,,,0 days 00:00:29.222000,0 days 00:00:41.802000,0 days 00:00:38.045000,0 days 04:05:18.688000,0 days 04:06:00.490000,0 days 04:06:38.535000,292.0,261.0,252.0,284.0,False,MEDIUM,23.0,True,Ferrari,0 days 04:04:49.460000,2022-10-02 15:05:49.467,1,2.0,False,,False,True,109.069
0 days 04:08:29.710000,LEC,16,0 days 00:01:51.181000,58.0,2.0,,,0 days 00:00:29.748000,0 days 00:00:42.587000,0 days 00:00:38.846000,0 days 04:07:08.283000,0 days 04:07:50.870000,0 days 04:08:29.716000,,263.0,246.0,285.0,False,MEDIUM,24.0,True,Ferrari,0 days 04:06:38.529000,2022-10-02 15:07:38.536,1,2.0,False,,False,True,111.181
0 days 04:10:19.623000,LEC,16,0 days 00:01:49.913000,59.0,2.0,,,0 days 00:00:29.560000,0 days 00:00:42.059000,0 days 00:00:38.294000,0 days 04:08:59.276000,0 days 04:09:41.335000,0 days 04:10:19.629000,291.0,263.0,250.0,283.0,False,MEDIUM,25.0,True,Ferrari,0 days 04:08:29.710000,2022-10-02 15:09:29.717,1,2.0,False,,False,True,109.913
0 days 03:47:05.122000,STR,18,0 days 00:01:52.756000,46.0,2.0,,,0 days 00:00:30.092000,0 days 00:00:42.652000,0 days 00:00:40.012000,0 days 03:45:42.498000,0 days 03:46:25.150000,0 days 03:47:05.162000,283.0,260.0,244.0,277.0,True,MEDIUM,11.0,True,Aston Martin,0 days 03:45:12.366000,2022-10-02 14:46:12.373,1,6.0,False,,False,True,112.756
0 days 03:48:57.392000,STR,18,0 days 00:01:52.270000,47.0,2.0,,,0 days 00:00:30.118000,0 days 00:00:42.548000,0 days 00:00:39.604000,0 days 03:47:35.280000,0 days 03:48:17.828000,0 days 03:48:57.432000,286.0,262.0,246.0,283.0,True,MEDIUM,12.0,True,Aston Martin,0 days 03:47:05.122000,2022-10-02 14:48:05.129,1,6.0,False,,False,True,112.27
0 days 03:50:48.956000,STR,18,0 days 00:01:51.564000,48.0,2.0,,,0 days 00:00:29.889000,0 days 00:00:42.204000,0 days 00:00:39.471000,0 days 03:49:27.321000,0 days 03:50:09.525000,0 days 03:50:48.996000,,261.0,247.0,278.0,True,MEDIUM,13.0,True,Aston Martin,0 days 03:48:57.392000,2022-10-02 14:49:57.399,1,6.0,False,,False,True,111.564
0 days 03:52:40.810000,STR,18,0 days 00:01:51.854000,49.0,2.0,,,0 days 00:00:29.931000,0 days 00:00:42.347000,0 days 00:00:39.576000,0 days 03:51:18.927000,0 days 03:52:01.274000,0 days 03:52:40.850000,287.0,263.0,246.0,284.0,False,MEDIUM,14.0,True,Aston Martin,0 days 03:50:48.956000,2022-10-02 14:51:48.963,1,6.0,False,,False,True,111.854
0 days 03:54:32.596000,STR,18,0 days 00:01:51.786000,50.0,2.0,,,0 days 00:00:29.896000,0 days 00:00:42.326000,0 days 00:00:39.564000,0 days 03:53:10.746000,0 days 03:53:53.072000,0 days 03:54:32.636000,286.0,261.0,247.0,283.0,False,MEDIUM,15.0,True,Aston Martin,0 days 03:52:40.810000,2022-10-02 14:53:40.817,1,6.0,False,,False,True,111.786
0 days 03:56:25.183000,STR,18,0 days 00:01:52.587000,51.0,2.0,,,0 days 00:00:29.782000,0 days 00:00:43.732000,0 days 00:00:39.073000,0 days 03:55:02.418000,0 days 03:55:46.150000,0 days 03:56:25.223000,288.0,263.0,248.0,284.0,False,MEDIUM,16.0,True,Aston Martin,0 days 03:54:32.596000,2022-10-02 14:55:32.603,1,6.0,False,,False,True,112.587
0 days 03:58:16.694000,STR,18,0 days 00:01:51.511000,52.0,2.0,,,0 days 00:00:29.956000,0 days 00:00:42.494000,0 days 00:00:39.061000,0 days 03:56:55.179000,0 days 03:57:37.673000,0 days 03:58:16.734000,285.0,261.0,249.0,281.0,True,MEDIUM,17.0,True,Aston Martin,0 days 03:56:25.183000,2022-10-02 14:57:25.190,1,6.0,False,,False,True,111.511
0 days 04:00:07.517000,STR,18,0 days 00:01:50.823000,53.0,2.0,,,0 days 00:00:29.648000,0 days 00:00:42.381000,0 days 00:00:38.794000,0 days 03:58:46.382000,0 days 03:59:28.763000,0 days 04:00:07.557000,288.0,263.0,248.0,284.0,True,MEDIUM,18.0,True,Aston Martin,0 days 03:58:16.694000,2022-10-02 14:59:16.701,1,6.0,False,,False,True,110.823
0 days 04:01:58.854000,STR,18,0 days 00:01:51.337000,54.0,2.0,,,0 days 00:00:29.615000,0 days 00:00:42.813000,0 days 00:00:38.909000,0 days 04:00:37.172000,0 days 04:01:19.985000,0 days 04:01:58.894000,287.0,264.0,247.0,281.0,False,MEDIUM,19.0,True,Aston Martin,0 days 04:00:07.517000,2022-10-02 15:01:07.524,1,6.0,False,,False,True,111.337
0 days 04:03:49.928000,STR,18,0 days 00:01:51.074000,55.0,2.0,,,0 days 00:00:29.667000,0 days 00:00:42.744000,0 days 00:00:38.663000,0 days 04:02:28.561000,0 days 04:03:11.305000,0 days 04:03:49.968000,,263.0,248.0,280.0,False,MEDIUM,20.0,True,Aston Martin,0 days 04:01:58.854000,2022-10-02 15:02:58.861,1,6.0,False,,False,True,111.074
0 days 04:05:40.636000,STR,18,0 days 00:01:50.708000,56.0,2.0,,,0 days 00:00:29.698000,0 days 00:00:42.273000,0 days 00:00:38.737000,0 days 04:04:19.666000,0 days 04:05:01.939000,0 days 04:05:40.676000,,263.0,249.0,281.0,True,MEDIUM,21.0,True,Aston Martin,0 days 04:03:49.928000,2022-10-02 15:04:49.935,1,6.0,False,,False,True,110.708
0 days 04:07:31.056000,STR,18,0 days 00:01:50.420000,57.0,2.0,,,0 days 00:00:29.657000,0 days 00:00:42.439000,0 days 00:00:38.324000,0 days 04:06:10.333000,0 days 04:06:52.772000,0 days 04:07:31.096000,286.0,263.0,247.0,282.0,True,MEDIUM,22.0,True,Aston Martin,0 days 04:05:40.636000,2022-10-02 15:06:40.643,1,6.0,False,,False,True,110.42
0 days 04:09:21.339000,STR,18,0 days 00:01:50.283000,58.0,2.0,,,0 days 00:00:29.500000,0 days 00:00:42.286000,0 days 00:00:38.497000,0 days 04:08:00.596000,0 days 04:08:42.882000,0 days 04:09:21.379000,291.0,267.0,248.0,284.0,True,MEDIUM,23.0,True,Aston Martin,0 days 04:07:31.056000,2022-10-02 15:08:31.063,1,6.0,False,,False,True,110.283
0 days 04:11:13.297000,STR,18,0 days 00:01:51.958000,59.0,2.0,,,0 days 00:00:29.786000,0 days 00:00:42.487000,0 days 00:00:39.685000,0 days 04:09:51.165000,0 days 04:10:33.652000,0 days 04:11:13.337000,292.0,267.0,236.0,285.0,False,MEDIUM,24.0,True,Aston Martin,0 days 04:09:21.339000,2022-10-02 15:10:21.346,1,6.0,False,,False,True,111.958
0 days 03:45:25.275000,MAG,20,0 days 00:01:53.827000,45.0,3.0,,,0 days 00:00:30.367000,0 days 00:00:43.488000,0 days 00:00:39.972000,0 days 03:44:01.843000,0 days 03:44:45.331000,0 days 03:45:25.303000,,260.0,245.0,280.0,True,MEDIUM,12.0,True,Haas F1 Team,0 days 03:43:31.448000,2022-10-02 14:44:31.455,1,11.0,False,,False,True,113.827
0 days 03:51:08.143000,MAG,20,0 days 00:01:53.596000,48.0,3.0,,,0 days 00:00:30.640000,0 days 00:00:43.368000,0 days 00:00:39.588000,0 days 03:49:45.215000,0 days 03:50:28.583000,0 days 03:51:08.171000,288.0,261.0,247.0,,True,MEDIUM,15.0,True,Haas F1 Team,0 days 03:49:14.547000,2022-10-02 14:50:14.554,1,12.0,False,,False,True,113.596
0 days 03:53:00.224000,MAG,20,0 days 00:01:52.081000,49.0,3.0,,,0 days 00:00:30.201000,0 days 00:00:42.731000,0 days 00:00:39.149000,0 days 03:51:38.372000,0 days 03:52:21.103000,0 days 03:53:00.252000,287.0,261.0,246.0,281.0,True,MEDIUM,16.0,True,Haas F1 Team,0 days 03:51:08.143000,2022-10-02 14:52:08.150,1,12.0,False,,False,True,112.081
0 days 03:54:52.764000,MAG,20,0 days 00:01:52.540000,50.0,3.0,,,0 days 00:00:29.902000,0 days 00:00:42.891000,0 days 00:00:39.747000,0 days 03:53:30.154000,0 days 03:54:13.045000,0 days 03:54:52.792000,291.0,263.0,245.0,282.0,False,MEDIUM,17.0,True,Haas F1 Team,0 days 03:53:00.224000,2022-10-02 14:54:00.231,1,12.0,False,,False,True,112.54
0 days 03:56:45.902000,MAG,20,0 days 00:01:53.138000,51.0,3.0,,,0 days 00:00:30.273000,0 days 00:00:43.138000,0 days 00:00:39.727000,0 days 03:55:23.065000,0 days 03:56:06.203000,0 days 03:56:45.930000,289.0,262.0,245.0,,False,MEDIUM,18.0,True,Haas F1 Team,0 days 03:54:52.764000,2022-10-02 14:55:52.771,1,12.0,False,,False,True,113.138
0 days 03:58:38.416000,MAG,20,0 days 00:01:52.514000,52.0,3.0,,,0 days 00:00:30.045000,0 days 00:00:43.135000,0 days 00:00:39.334000,0 days 03:57:15.975000,0 days 03:57:59.110000,0 days 03:58:38.444000,,263.0,247.0,,False,MEDIUM,19.0,True,Haas F1 Team,0 days 03:56:45.902000,2022-10-02 14:57:45.909,1,12.0,False,,False,True,112.514
0 days 04:00:30.644000,MAG,20,0 days 00:01:52.228000,53.0,3.0,,,0 days 00:00:30.002000,0 days 00:00:42.770000,0 days 00:00:39.456000,0 days 03:59:08.446000,0 days 03:59:51.216000,0 days 04:00:30.672000,286.0,262.0,244.0,281.0,False,MEDIUM,20.0,True,Haas F1 Team,0 days 03:58:38.416000,2022-10-02 14:59:38.423,1,12.0,False,,False,True,112.228
0 days 04:02:23.961000,MAG,20,0 days 00:01:53.317000,54.0,3.0,,,0 days 00:00:30.238000,0 days 00:00:43.290000,0 days 00:00:39.789000,0 days 04:01:00.910000,0 days 04:01:44.200000,0 days 04:02:23.989000,284.0,258.0,245.0,278.0,False,MEDIUM,21.0,True,Haas F1 Team,0 days 04:00:30.644000,2022-10-02 15:01:30.651,1,12.0,False,,False,True,113.317
0 days 04:04:16.621000,MAG,20,0 days 00:01:52.660000,55.0,3.0,,,0 days 00:00:30.162000,0 days 00:00:43.028000,0 days 00:00:39.470000,0 days 04:02:54.151000,0 days 04:03:37.179000,0 days 04:04:16.649000,288.0,263.0,247.0,281.0,False,MEDIUM,22.0,True,Haas F1 Team,0 days 04:02:23.961000,2022-10-02 15:03:23.968,1,12.0,False,,False,True,112.66
0 days 04:06:09.662000,MAG,20,0 days 00:01:53.041000,56.0,3.0,,,0 days 00:00:30.281000,0 days 00:00:43.320000,0 days 00:00:39.440000,0 days 04:04:46.930000,0 days 04:05:30.250000,0 days 04:06:09.690000,284.0,260.0,246.0,279.0,False,MEDIUM,23.0,True,Haas F1 Team,0 days 04:04:16.621000,2022-10-02 15:05:16.628,1,12.0,False,,False,True,113.041
0 days 04:08:03.247000,MAG,20,0 days 00:01:53.585000,57.0,3.0,,,0 days 00:00:30.387000,0 days 00:00:43.688000,0 days 00:00:39.510000,0 days 04:06:40.077000,0 days 04:07:23.765000,0 days 04:08:03.275000,285.0,262.0,247.0,280.0,False,MEDIUM,24.0,True,Haas F1 Team,0 days 04:06:09.662000,2022-10-02 15:07:09.669,1,12.0,False,,False,True,113.585
0 days 04:11:49.573000,MAG,20,0 days 00:01:52.067000,59.0,3.0,,,0 days 00:00:30.498000,0 days 00:00:43.146000,0 days 00:00:38.423000,0 days 04:10:28.032000,0 days 04:11:11.178000,0 days 04:11:49.601000,290.0,265.0,249.0,282.0,True,MEDIUM,26.0,True,Haas F1 Team,0 days 04:09:57.506000,2022-10-02 15:10:57.513,1,12.0,False,,False,True,112.067
0 days 03:45:05.453000,RIC,3,0 days 00:01:53.419000,45.0,2.0,,,0 days 00:00:29.995000,0 days 00:00:43.391000,0 days 00:00:40.033000,0 days 03:43:42.039000,0 days 03:44:25.430000,0 days 03:45:05.463000,280.0,256.0,249.0,275.0,True,SOFT,9.0,True,McLaren,0 days 03:43:12.034000,2022-10-02 14:44:12.041,1,5.0,False,,False,True,113.419
0 days 03:46:58.961000,RIC,3,0 days 00:01:53.508000,46.0,2.0,,,0 days 00:00:29.883000,0 days 00:00:43.619000,0 days 00:00:40.006000,0 days 03:45:35.346000,0 days 03:46:18.965000,0 days 03:46:58.971000,281.0,257.0,248.0,277.0,False,SOFT,10.0,True,McLaren,0 days 03:45:05.453000,2022-10-02 14:46:05.460,1,5.0,False,,False,True,113.508
0 days 03:48:50.936000,RIC,3,0 days 00:01:51.975000,47.0,2.0,,,0 days 00:00:29.733000,0 days 00:00:42.778000,0 days 00:00:39.464000,0 days 03:47:28.704000,0 days 03:48:11.482000,0 days 03:48:50.946000,,258.0,250.0,276.0,True,SOFT,11.0,True,McLaren,0 days 03:46:58.961000,2022-10-02 14:47:58.968,1,5.0,False,,False,True,111.975
0 days 03:50:43.134000,RIC,3,0 days 00:01:52.198000,48.0,2.0,,,0 days 00:00:29.806000,0 days 00:00:43.029000,0 days 00:00:39.363000,0 days 03:49:20.752000,0 days 03:50:03.781000,0 days 03:50:43.144000,,257.0,249.0,277.0,False,SOFT,12.0,True,McLaren,0 days 03:48:50.936000,2022-10-02 14:49:50.943,1,5.0,False,,False,True,112.198
0 days 03:52:35.296000,RIC,3,0 days 00:01:52.162000,49.0,2.0,,,0 days 00:00:29.812000,0 days 00:00:42.794000,0 days 00:00:39.556000,0 days 03:51:12.956000,0 days 03:51:55.750000,0 days 03:52:35.306000,279.0,257.0,250.0,275.0,False,SOFT,13.0,True,McLaren,0 days 03:50:43.134000,2022-10-02 14:51:43.141,1,5.0,False,,False,True,112.162
0 days 03:54:26.885000,RIC,3,0 days 00:01:51.589000,50.0,2.0,,,0 days 00:00:29.644000,0 days 00:00:42.720000,0 days 00:00:39.225000,0 days 03:53:04.950000,0 days 03:53:47.670000,0 days 03:54:26.895000,281.0,258.0,250.0,282.0,True,SOFT,14.0,True,McLaren,0 days 03:52:35.296000,2022-10-02 14:53:35.303,1,5.0,False,,False,True,111.589
0 days 03:56:18.573000,RIC,3,0 days 00:01:51.688000,51.0,2.0,,,0 days 00:00:29.700000,0 days 00:00:42.768000,0 days 00:00:39.220000,0 days 03:54:56.595000,0 days 03:55:39.363000,0 days 03:56:18.583000,279.0,257.0,250.0,276.0,False,SOFT,15.0,True,McLaren,0 days 03:54:26.885000,2022-10-02 14:55:26.892,1,5.0,False,,False,True,111.688
0 days 03:58:10.194000,RIC,3,0 days 00:01:51.621000,52.0,2.0,,,0 days 00:00:29.819000,0 days 00:00:42.595000,0 days 00:00:39.207000,0 days 03:56:48.402000,0 days 03:57:30.997000,0 days 03:58:10.204000,280.0,257.0,250.0,274.0,False,SOFT,16.0,True,McLaren,0 days 03:56:18.573000,2022-10-02 14:57:18.580,1,5.0,False,,False,True,111.621
0 days 04:00:01.270000,RIC,3,0 days 00:01:51.076000,53.0,2.0,,,0 days 00:00:29.754000,0 days 00:00:42.486000,0 days 00:00:38.836000,0 days 03:58:39.958000,0 days 03:59:22.444000,0 days 04:00:01.280000,278.0,256.0,249.0,,True,SOFT,17.0,True,McLaren,0 days 03:58:10.194000,2022-10-02 14:59:10.201,1,5.0,False,,False,True,111.076
0 days 04:01:52.331000,RIC,3,0 days 00:01:51.061000,54.0,2.0,,,0 days 00:00:29.690000,0 days 00:00:42.406000,0 days 00:00:38.965000,0 days 04:00:30.970000,0 days 04:01:13.376000,0 days 04:01:52.341000,279.0,257.0,251.0,276.0,True,SOFT,18.0,True,McLaren,0 days 04:00:01.270000,2022-10-02 15:01:01.277,1,5.0,False,,False,True,111.061
0 days 04:03:43.528000,RIC,3,0 days 00:01:51.197000,55.0,2.0,,,0 days 00:00:29.796000,0 days 00:00:42.576000,0 days 00:00:38.825000,0 days 04:02:22.137000,0 days 04:03:04.713000,0 days 04:03:43.538000,,257.0,252.0,274.0,False,SOFT,19.0,True,McLaren,0 days 04:01:52.331000,2022-10-02 15:02:52.338,1,5.0,False,,False,True,111.197
0 days 04:05:34.704000,RIC,3,0 days 00:01:51.176000,56.0,2.0,,,0 days 00:00:29.732000,0 days 00:00:42.531000,0 days 00:00:38.913000,0 days 04:04:13.270000,0 days 04:04:55.801000,0 days 04:05:34.714000,280.0,258.0,250.0,279.0,False,SOFT,20.0,True,McLaren,0 days 04:03:43.528000,2022-10-02 15:04:43.535,1,5.0,False,,False,True,111.176
0 days 04:07:25.710000,RIC,3,0 days 00:01:51.006000,57.0,2.0,,,0 days 00:00:29.745000,0 days 00:00:42.217000,0 days 00:00:39.044000,0 days 04:06:04.459000,0 days 04:06:46.676000,0 days 04:07:25.720000,278.0,257.0,251.0,274.0,True,SOFT,21.0,True,McLaren,0 days 04:05:34.704000,2022-10-02 15:06:34.711,1,5.0,False,,False,True,111.006
0 days 04:09:18.236000,RIC,3,0 days 00:01:52.526000,58.0,2.0,,,0 days 00:00:29.763000,0 days 00:00:42.864000,0 days 00:00:39.899000,0 days 04:07:55.483000,0 days 04:08:38.347000,0 days 04:09:18.246000,279.0,258.0,251.0,,False,SOFT,22.0,True,McLaren,0 days 04:07:25.710000,2022-10-02 15:08:25.717,1,5.0,False,,False,True,112.526
0 days 04:11:10.316000,RIC,3,0 days 00:01:52.080000,59.0,2.0,,,0 days 00:00:29.879000,0 days 00:00:42.533000,0 days 00:00:39.668000,0 days 04:09:48.125000,0 days 04:10:30.658000,0 days 04:11:10.326000,,257.0,228.0,277.0,False,SOFT,23.0,True,McLaren,0 days 04:09:18.236000,2022-10-02 15:10:18.243,1,5.0,False,,False,True,112.08
0 days 03:39:17.752000,NOR,4,0 days 00:01:53.336000,42.0,2.0,,,0 days 00:00:30.218000,0 days 00:00:43.156000,0 days 00:00:39.962000,0 days 03:37:54.655000,0 days 03:38:37.811000,0 days 03:39:17.773000,282.0,259.0,246.0,279.0,True,MEDIUM,6.0,True,McLaren,0 days 03:37:24.416000,2022-10-02 14:38:24.423,1,4.0,False,,False,True,113.336
0 days 03:41:11.230000,NOR,4,0 days 00:01:53.478000,43.0,2.0,,,0 days 00:00:30.076000,0 days 00:00:43.406000,0 days 00:00:39.996000,0 days 03:39:47.849000,0 days 03:40:31.255000,0 days 03:41:11.251000,286.0,263.0,246.0,280.0,False,MEDIUM,7.0,True,McLaren,0 days 03:39:17.752000,2022-10-02 14:40:17.759,1,4.0,False,,False,True,113.478
0 days 03:43:03.626000,NOR,4,0 days 00:01:52.396000,44.0,2.0,,,0 days 00:00:29.619000,0 days 00:00:43.061000,0 days 00:00:39.716000,0 days 03:41:40.870000,0 days 03:42:23.931000,0 days 03:43:03.647000,299.0,271.0,247.0,294.0,True,MEDIUM,8.0,True,McLaren,0 days 03:41:11.230000,2022-10-02 14:42:11.237,1,4.0,False,,False,True,112.396
0 days 03:44:54.735000,NOR,4,0 days 00:01:51.109000,45.0,2.0,,,0 days 00:00:29.715000,0 days 00:00:42.379000,0 days 00:00:39.015000,0 days 03:43:33.362000,0 days 03:44:15.741000,0 days 03:44:54.756000,283.0,259.0,248.0,279.0,True,MEDIUM,9.0,True,McLaren,0 days 03:43:03.626000,2022-10-02 14:44:03.633,1,4.0,False,,False,True,111.109
0 days 03:46:45.806000,NOR,4,0 days 00:01:51.071000,46.0,2.0,,,0 days 00:00:29.617000,0 days 00:00:42.403000,0 days 00:00:39.051000,0 days 03:45:24.373000,0 days 03:46:06.776000,0 days 03:46:45.827000,287.0,263.0,248.0,284.0,True,MEDIUM,10.0,True,McLaren,0 days 03:44:54.735000,2022-10-02 14:45:54.742,1,4.0,False,,False,True,111.071
0 days 03:48:36.366000,NOR,4,0 days 00:01:50.560000,47.0,2.0,,,0 days 00:00:29.553000,0 days 00:00:42.084000,0 days 00:00:38.923000,0 days 03:47:15.380000,0 days 03:47:57.464000,0 days 03:48:36.387000,,262.0,247.0,281.0,True,MEDIUM,11.0,True,McLaren,0 days 03:46:45.806000,2022-10-02 14:47:45.813,1,4.0,False,,False,True,110.56
0 days 03:50:27.531000,NOR,4,0 days 00:01:51.165000,48.0,2.0,,,0 days 00:00:29.548000,0 days 00:00:42.754000,0 days 00:00:38.863000,0 days 03:49:05.935000,0 days 03:49:48.689000,0 days 03:50:27.552000,,263.0,249.0,284.0,False,MEDIUM,12.0,True,McLaren,0 days 03:48:36.366000,2022-10-02 14:49:36.373,1,4.0,False,,False,True,111.165
0 days 03:52:17.670000,NOR,4,0 days 00:01:50.139000,49.0,2.0,,,0 days 00:00:29.691000,0 days 00:00:41.924000,0 days 00:00:38.524000,0 days 03:50:57.243000,0 days 03:51:39.167000,0 days 03:52:17.691000,,261.0,248.0,,True,MEDIUM,13.0,True,McLaren,0 days 03:50:27.531000,2022-10-02 14:51:27.538,1,4.0,False,,False,True,110.139
0 days 03:54:07.354000,NOR,4,0 days 00:01:49.684000,50.0,2.0,,,0 days 00:00:29.470000,0 days 00:00:41.926000,0 days 00:00:38.288000,0 days 03:52:47.161000,0 days 03:53:29.087000,0 days 03:54:07.375000,286.0,262.0,249.0,280.0,True,MEDIUM,14.0,True,McLaren,0 days 03:52:17.670000,2022-10-02 14:53:17.677,1,4.0,False,,False,True,109.684
0 days 03:55:57.347000,NOR,4,0 days 00:01:49.993000,51.0,2.0,,,0 days 00:00:29.683000,0 days 00:00:41.909000,0 days 00:00:38.401000,0 days 03:54:37.058000,0 days 03:55:18.967000,0 days 03:55:57.368000,,263.0,248.0,284.0,False,MEDIUM,15.0,True,McLaren,0 days 03:54:07.354000,2022-10-02 14:55:07.361,1,4.0,False,,False,True,109.993
0 days 03:57:47.819000,NOR,4,0 days 00:01:50.472000,52.0,2.0,,,0 days 00:00:29.618000,0 days 00:00:41.971000,0 days 00:00:38.883000,0 days 03:56:26.986000,0 days 03:57:08.957000,0 days 03:57:47.840000,285.0,261.0,248.0,283.0,False,MEDIUM,16.0,True,McLaren,0 days 03:55:57.347000,2022-10-02 14:56:57.354,1,4.0,False,,False,True,110.472
0 days 03:59:38.072000,NOR,4,0 days 00:01:50.253000,53.0,2.0,,,0 days 00:00:29.585000,0 days 00:00:42.127000,0 days 00:00:38.541000,0 days 03:58:17.425000,0 days 03:58:59.552000,0 days 03:59:38.093000,287.0,265.0,248.0,284.0,False,MEDIUM,17.0,True,McLaren,0 days 03:57:47.819000,2022-10-02 14:58:47.826,1,4.0,False,,False,True,110.253
0 days 04:01:28.001000,NOR,4,0 days 00:01:49.929000,54.0,2.0,,,0 days 00:00:29.524000,0 days 00:00:41.908000,0 days 00:00:38.497000,0 days 04:00:07.617000,0 days 04:00:49.525000,0 days 04:01:28.022000,283.0,261.0,249.0,282.0,False,MEDIUM,18.0,True,McLaren,0 days 03:59:38.072000,2022-10-02 15:00:38.079,1,4.0,False,,False,True,109.929
0 days 04:03:18.428000,NOR,4,0 days 00:01:50.427000,55.0,2.0,,,0 days 00:00:29.572000,0 days 00:00:42.633000,0 days 00:00:38.222000,0 days 04:01:57.594000,0 days 04:02:40.227000,0 days 04:03:18.449000,285.0,263.0,248.0,,False,MEDIUM,19.0,True,McLaren,0 days 04:01:28.001000,2022-10-02 15:02:28.008,1,4.0,False,,False,True,110.427
0 days 04:05:07.640000,NOR,4,0 days 00:01:49.212000,56.0,2.0,,,0 days 00:00:29.420000,0 days 00:00:41.785000,0 days 00:00:38.007000,0 days 04:03:47.869000,0 days 04:04:29.654000,0 days 04:05:07.661000,283.0,260.0,249.0,281.0,True,MEDIUM,20.0,True,McLaren,0 days 04:03:18.428000,2022-10-02 15:04:18.435,1,4.0,False,,False,True,109.212
0 days 04:06:57.389000,NOR,4,0 days 00:01:49.749000,57.0,2.0,,,0 days 00:00:29.557000,0 days 00:00:41.831000,0 days 00:00:38.361000,0 days 04:05:37.218000,0 days 04:06:19.049000,0 days 04:06:57.410000,284.0,264.0,248.0,283.0,False,MEDIUM,21.0,True,McLaren,0 days 04:05:07.640000,2022-10-02 15:06:07.647,1,4.0,False,,False,True,109.749
0 days 04:08:47.403000,NOR,4,0 days 00:01:50.014000,58.0,2.0,,,0 days 00:00:29.809000,0 days 00:00:42.070000,0 days 00:00:38.135000,0 days 04:07:27.219000,0 days 04:08:09.289000,0 days 04:08:47.424000,273.0,264.0,249.0,281.0,False,MEDIUM,22.0,True,McLaren,0 days 04:06:57.389000,2022-10-02 15:07:57.396,1,4.0,False,,False,True,110.014
0 days 04:10:38.154000,NOR,4,0 days 00:01:50.751000,59.0,2.0,,,0 days 00:00:30.136000,0 days 00:00:42.238000,0 days 00:00:38.377000,0 days 04:09:17.560000,0 days 04:09:59.798000,0 days 04:10:38.175000,264.0,265.0,247.0,280.0,False,MEDIUM,23.0,True,McLaren,0 days 04:08:47.403000,2022-10-02 15:09:47.410,1,4.0,False,,False,True,110.751
0 days 03:47:07.767000,HAM,44,0 days 00:01:53.348000,46.0,2.0,,,0 days 00:00:29.766000,0 days 00:00:43.455000,0 days 00:00:40.127000,0 days 03:45:44.225000,0 days 03:46:27.680000,0 days 03:47:07.807000,303.0,269.0,252.0,294.0,True,MEDIUM,12.0,True,Mercedes,0 days 03:45:14.419000,2022-10-02 14:46:14.426,1,8.0,False,,False,True,113.348
0 days 03:49:00.170000,HAM,44,0 days 00:01:52.403000,47.0,2.0,,,0 days 00:00:29.618000,0 days 00:00:43.020000,0 days 00:00:39.765000,0 days 03:47:37.425000,0 days 03:48:20.445000,0 days 03:49:00.210000,306.0,272.0,246.0,293.0,True,MEDIUM,13.0,True,Mercedes,0 days 03:47:07.767000,2022-10-02 14:48:07.774,1,8.0,False,,False,True,112.403
0 days 03:50:52.906000,HAM,44,0 days 00:01:52.736000,48.0,2.0,,,0 days 00:00:29.563000,0 days 00:00:43.075000,0 days 00:00:40.098000,0 days 03:49:29.773000,0 days 03:50:12.848000,0 days 03:50:52.946000,296.0,256.0,249.0,296.0,False,MEDIUM,14.0,True,Mercedes,0 days 03:49:00.170000,2022-10-02 14:50:00.177,1,8.0,False,,False,True,112.736
0 days 03:52:44.809000,HAM,44,0 days 00:01:51.903000,49.0,2.0,,,0 days 00:00:29.915000,0 days 00:00:42.311000,0 days 00:00:39.677000,0 days 03:51:22.861000,0 days 03:52:05.172000,0 days 03:52:44.849000,287.0,263.0,246.0,282.0,True,MEDIUM,15.0,True,Mercedes,0 days 03:50:52.906000,2022-10-02 14:51:52.913,1,8.0,False,,False,True,111.903
0 days 03:54:36.172000,HAM,44,0 days 00:01:51.363000,50.0,2.0,,,0 days 00:00:29.659000,0 days 00:00:42.442000,0 days 00:00:39.262000,0 days 03:53:14.508000,0 days 03:53:56.950000,0 days 03:54:36.212000,291.0,265.0,248.0,,True,MEDIUM,16.0,True,Mercedes,0 days 03:52:44.809000,2022-10-02 14:53:44.816,1,8.0,False,,False,True,111.363
0 days 03:56:28.107000,HAM,44,0 days 00:01:51.935000,51.0,2.0,,,0 days 00:00:29.854000,0 days 00:00:42.704000,0 days 00:00:39.377000,0 days 03:55:06.066000,0 days 03:55:48.770000,0 days 03:56:28.147000,,265.0,249.0,285.0,False,MEDIUM,17.0,True,Mercedes,0 days 03:54:36.172000,2022-10-02 14:55:36.179,1,8.0,False,,False,True,111.935
0 days 03:58:19.101000,HAM,44,0 days 00:01:50.994000,52.0,2.0,,,0 days 00:00:29.558000,0 days 00:00:42.282000,0 days 00:00:39.154000,0 days 03:56:57.705000,0 days 03:57:39.987000,0 days 03:58:19.141000,284.0,259.0,249.0,286.0,True,MEDIUM,18.0,True,Mercedes,0 days 03:56:28.107000,2022-10-02 14:57:28.114,1,8.0,False,,False,True,110.994
0 days 04:00:10.350000,HAM,44,0 days 00:01:51.249000,53.0,2.0,,,0 days 00:00:29.440000,0 days 00:00:42.268000,0 days 00:00:39.541000,0 days 03:58:48.581000,0 days 03:59:30.849000,0 days 04:00:10.390000,305.0,273.0,249.0,294.0,False,MEDIUM,19.0,True,Mercedes,0 days 03:58:19.101000,2022-10-02 14:59:19.108,1,8.0,False,,False,True,111.249
0 days 04:02:01.148000,HAM,44,0 days 00:01:50.798000,54.0,2.0,,,0 days 00:00:29.656000,0 days 00:00:42.070000,0 days 00:00:39.072000,0 days 04:00:40.046000,0 days 04:01:22.116000,0 days 04:02:01.188000,288.0,271.0,252.0,284.0,True,MEDIUM,20.0,True,Mercedes,0 days 04:00:10.350000,2022-10-02 15:01:10.357,1,8.0,False,,False,True,110.798
0 days 04:03:51.942000,HAM,44,0 days 00:01:50.794000,55.0,2.0,,,0 days 00:00:29.291000,0 days 00:00:42.543000,0 days 00:00:38.960000,0 days 04:02:30.479000,0 days 04:03:13.022000,0 days 04:03:51.982000,307.0,275.0,252.0,295.0,True,MEDIUM,21.0,True,Mercedes,0 days 04:02:01.148000,2022-10-02 15:03:01.155,1,8.0,False,,False,True,110.794
0 days 04:05:42.692000,HAM,44,0 days 00:01:50.750000,56.0,2.0,,,0 days 00:00:29.308000,0 days 00:00:42.560000,0 days 00:00:38.882000,0 days 04:04:21.290000,0 days 04:05:03.850000,0 days 04:05:42.732000,309.0,274.0,252.0,297.0,True,MEDIUM,22.0,True,Mercedes,0 days 04:03:51.942000,2022-10-02 15:04:51.949,1,8.0,False,,False,True,110.75
0 days 04:09:27.378000,HAM,44,0 days 00:01:50.622000,58.0,2.0,,,0 days 00:00:29.636000,0 days 00:00:42.445000,0 days 00:00:38.541000,0 days 04:08:06.432000,0 days 04:08:48.877000,0 days 04:09:27.418000,286.0,261.0,250.0,284.0,True,MEDIUM,24.0,True,Mercedes,0 days 04:07:36.756000,2022-10-02 15:08:36.763,1,9.0,False,,False,True,110.622
0 days 04:11:18.479000,HAM,44,0 days 00:01:51.101000,59.0,2.0,,,0 days 00:00:29.532000,0 days 00:00:42.409000,0 days 00:00:39.160000,0 days 04:09:56.950000,0 days 04:10:39.359000,0 days 04:11:18.519000,287.0,269.0,227.0,278.0,False,MEDIUM,25.0,True,Mercedes,0 days 04:09:27.378000,2022-10-02 15:10:27.385,1,9.0,False,,False,True,111.101
0 days 03:52:58.012000,MSC,47,0 days 00:01:52.651000,48.0,3.0,,,0 days 00:00:29.736000,0 days 00:00:43.390000,0 days 00:00:39.525000,0 days 03:51:35.101000,0 days 03:52:18.491000,0 days 03:52:58.016000,289.0,262.0,248.0,282.0,True,SOFT,7.0,True,Haas F1 Team,0 days 03:51:05.361000,2022-10-02 14:52:05.368,1,14.0,False,,False,True,112.651
0 days 03:54:50.428000,MSC,47,0 days 00:01:52.416000,49.0,3.0,,,0 days 00:00:29.817000,0 days 00:00:42.580000,0 days 00:00:40.019000,0 days 03:53:27.833000,0 days 03:54:10.413000,0 days 03:54:50.432000,290.0,263.0,243.0,283.0,True,SOFT,8.0,True,Haas F1 Team,0 days 03:52:58.012000,2022-10-02 14:53:58.019,1,14.0,False,,False,True,112.416
0 days 03:56:41.560000,MSC,47,0 days 00:01:51.132000,50.0,3.0,,,0 days 00:00:29.841000,0 days 00:00:42.525000,0 days 00:00:38.766000,0 days 03:55:20.273000,0 days 03:56:02.798000,0 days 03:56:41.564000,292.0,263.0,248.0,294.0,True,SOFT,9.0,True,Haas F1 Team,0 days 03:54:50.428000,2022-10-02 14:55:50.435,1,14.0,False,,False,True,111.132
0 days 03:58:33.755000,MSC,47,0 days 00:01:52.195000,51.0,3.0,,,0 days 00:00:29.831000,0 days 00:00:42.711000,0 days 00:00:39.653000,0 days 03:57:11.395000,0 days 03:57:54.106000,0 days 03:58:33.759000,290.0,263.0,246.0,283.0,False,SOFT,10.0,True,Haas F1 Team,0 days 03:56:41.560000,2022-10-02 14:57:41.567,1,13.0,False,,False,True,112.195
0 days 04:00:24.486000,MSC,47,0 days 00:01:50.731000,52.0,3.0,,,0 days 00:00:29.755000,0 days 00:00:42.295000,0 days 00:00:38.681000,0 days 03:59:03.514000,0 days 03:59:45.809000,0 days 04:00:24.490000,288.0,263.0,248.0,293.0,True,SOFT,11.0,True,Haas F1 Team,0 days 03:58:33.755000,2022-10-02 14:59:33.762,1,13.0,False,,False,True,110.731
0 days 04:02:16.093000,MSC,47,0 days 00:01:51.607000,53.0,3.0,,,0 days 00:00:29.617000,0 days 00:00:42.997000,0 days 00:00:38.993000,0 days 04:00:54.107000,0 days 04:01:37.104000,0 days 04:02:16.097000,290.0,271.0,245.0,283.0,False,SOFT,12.0,True,Haas F1 Team,0 days 04:00:24.486000,2022-10-02 15:01:24.493,1,13.0,False,,False,True,111.607
0 days 04:04:08.287000,MSC,47,0 days 00:01:52.194000,54.0,3.0,,,0 days 00:00:30.002000,0 days 00:00:42.950000,0 days 00:00:39.242000,0 days 04:02:46.099000,0 days 04:03:29.049000,0 days 04:04:08.291000,288.0,271.0,245.0,282.0,False,SOFT,13.0,True,Haas F1 Team,0 days 04:02:16.093000,2022-10-02 15:03:16.100,1,13.0,False,,False,True,112.194
0 days 04:06:00.204000,MSC,47,0 days 00:01:51.917000,55.0,3.0,,,0 days 00:00:30.128000,0 days 00:00:42.817000,0 days 00:00:38.972000,0 days 04:04:38.419000,0 days 04:05:21.236000,0 days 04:06:00.208000,289.0,272.0,250.0,281.0,False,SOFT,14.0,True,Haas F1 Team,0 days 04:04:08.287000,2022-10-02 15:05:08.294,1,13.0,False,,False,True,111.917
0 days 04:07:53.069000,MSC,47,0 days 00:01:52.865000,56.0,3.0,,,0 days 00:00:29.893000,0 days 00:00:43.523000,0 days 00:00:39.449000,0 days 04:06:30.101000,0 days 04:07:13.624000,0 days 04:07:53.073000,301.0,267.0,247.0,296.0,False,SOFT,15.0,True,Haas F1 Team,0 days 04:06:00.204000,2022-10-02 15:07:00.211,1,13.0,False,,False,True,112.865
0 days 04:09:44.262000,MSC,47,0 days 00:01:51.193000,57.0,3.0,,,0 days 00:00:30.479000,0 days 00:00:42.160000,0 days 00:00:38.554000,0 days 04:08:23.552000,0 days 04:09:05.712000,0 days 04:09:44.266000,286.0,262.0,248.0,295.0,False,SOFT,16.0,True,Haas F1 Team,0 days 04:07:53.069000,2022-10-02 15:08:53.076,1,13.0,False,,False,True,111.193
0 days 04:11:34.552000,MSC,47,0 days 00:01:50.290000,58.0,3.0,,,0 days 00:00:29.923000,0 days 00:00:42.477000,0 days 00:00:37.890000,0 days 04:10:14.189000,0 days 04:10:56.666000,0 days 04:11:34.556000,291.0,265.0,250.0,283.0,True,SOFT,17.0,True,Haas F1 Team,0 days 04:09:44.262000,2022-10-02 15:10:44.269,1,13.0,False,,False,True,110.29
0 days 03:47:07.065000,VET,5,0 days 00:01:53.467000,46.0,2.0,,,0 days 00:00:30.256000,0 days 00:00:43.158000,0 days 00:00:40.053000,0 days 03:45:43.882000,0 days 03:46:27.040000,0 days 03:47:07.093000,287.0,261.0,246.0,281.0,True,MEDIUM,12.0,True,Aston Martin,0 days 03:45:13.598000,2022-10-02 14:46:13.605,1,7.0,False,,False,True,113.467
0 days 03:48:59.324000,VET,5,0 days 00:01:52.259000,47.0,2.0,,,0 days 00:00:29.977000,0 days 00:00:42.990000,0 days 00:00:39.292000,0 days 03:47:37.070000,0 days 03:48:20.060000,0 days 03:48:59.352000,288.0,262.0,247.0,284.0,True,MEDIUM,13.0,True,Aston Martin,0 days 03:47:07.065000,2022-10-02 14:48:07.072,1,7.0,False,,False,True,112.259
0 days 03:50:51.557000,VET,5,0 days 00:01:52.233000,48.0,2.0,,,0 days 00:00:29.812000,0 days 00:00:42.884000,0 days 00:00:39.537000,0 days 03:49:29.164000,0 days 03:50:12.048000,0 days 03:50:51.585000,286.0,262.0,247.0,280.0,True,MEDIUM,14.0,True,Aston Martin,0 days 03:48:59.324000,2022-10-02 14:49:59.331,1,7.0,False,,False,True,112.233
0 days 03:52:43.556000,VET,5,0 days 00:01:51.999000,49.0,2.0,,,0 days 00:00:29.871000,0 days 00:00:42.641000,0 days 00:00:39.487000,0 days 03:51:21.456000,0 days 03:52:04.097000,0 days 03:52:43.584000,287.0,261.0,248.0,,True,MEDIUM,15.0,True,Aston Martin,0 days 03:50:51.557000,2022-10-02 14:51:51.564,1,7.0,False,,False,True,111.999
0 days 03:54:34.875000,VET,5,0 days 00:01:51.319000,50.0,2.0,,,0 days 00:00:29.782000,0 days 00:00:42.449000,0 days 00:00:39.088000,0 days 03:53:13.366000,0 days 03:53:55.815000,0 days 03:54:34.903000,289.0,261.0,248.0,286.0,True,MEDIUM,16.0,True,Aston Martin,0 days 03:52:43.556000,2022-10-02 14:53:43.563,1,7.0,False,,False,True,111.319
0 days 03:56:26.674000,VET,5,0 days 00:01:51.799000,51.0,2.0,,,0 days 00:00:29.836000,0 days 00:00:42.646000,0 days 00:00:39.317000,0 days 03:55:04.739000,0 days 03:55:47.385000,0 days 03:56:26.702000,287.0,263.0,248.0,281.0,False,MEDIUM,17.0,True,Aston Martin,0 days 03:54:34.875000,2022-10-02 14:55:34.882,1,7.0,False,,False,True,111.799
0 days 03:58:18.070000,VET,5,0 days 00:01:51.396000,52.0,2.0,,,0 days 00:00:29.717000,0 days 00:00:42.524000,0 days 00:00:39.155000,0 days 03:56:56.419000,0 days 03:57:38.943000,0 days 03:58:18.098000,,262.0,250.0,282.0,False,MEDIUM,18.0,True,Aston Martin,0 days 03:56:26.674000,2022-10-02 14:57:26.681,1,7.0,False,,False,True,111.396
0 days 04:00:09.381000,VET,5,0 days 00:01:51.311000,53.0,2.0,,,0 days 00:00:29.678000,0 days 00:00:42.425000,0 days 00:00:39.208000,0 days 03:58:47.776000,0 days 03:59:30.201000,0 days 04:00:09.409000,289.0,263.0,247.0,284.0,True,MEDIUM,19.0,True,Aston Martin,0 days 03:58:18.070000,2022-10-02 14:59:18.077,1,7.0,False,,False,True,111.311
0 days 04:02:00.421000,VET,5,0 days 00:01:51.040000,54.0,2.0,,,0 days 00:00:29.688000,0 days 00:00:42.462000,0 days 00:00:38.890000,0 days 04:00:39.097000,0 days 04:01:21.559000,0 days 04:02:00.449000,288.0,263.0,249.0,,True,MEDIUM,20.0,True,Aston Martin,0 days 04:00:09.381000,2022-10-02 15:01:09.388,1,7.0,False,,False,True,111.04
0 days 04:03:51.443000,VET,5,0 days 00:01:51.022000,55.0,2.0,,,0 days 00:00:29.639000,0 days 00:00:42.535000,0 days 00:00:38.848000,0 days 04:02:30.088000,0 days 04:03:12.623000,0 days 04:03:51.471000,,263.0,250.0,281.0,True,MEDIUM,21.0,True,Aston Martin,0 days 04:02:00.421000,2022-10-02 15:03:00.428,1,7.0,False,,False,True,111.022
0 days 04:05:42.202000,VET,5,0 days 00:01:50.759000,56.0,2.0,,,0 days 00:00:29.611000,0 days 00:00:42.337000,0 days 00:00:38.811000,0 days 04:04:21.082000,0 days 04:05:03.419000,0 days 04:05:42.230000,294.0,263.0,248.0,283.0,True,MEDIUM,22.0,True,Aston Martin,0 days 04:03:51.443000,2022-10-02 15:04:51.450,1,7.0,False,,False,True,110.759
0 days 04:07:33.651000,VET,5,0 days 00:01:51.449000,57.0,2.0,,,0 days 00:00:29.706000,0 days 00:00:43.336000,0 days 00:00:38.407000,0 days 04:06:11.936000,0 days 04:06:55.272000,0 days 04:07:33.679000,,261.0,251.0,282.0,False,MEDIUM,23.0,True,Aston Martin,0 days 04:05:42.202000,2022-10-02 15:06:42.209,1,7.0,False,,False,True,111.449
0 days 04:09:24.320000,VET,5,0 days 00:01:50.669000,58.0,2.0,,,0 days 00:00:29.596000,0 days 00:00:42.748000,0 days 00:00:38.325000,0 days 04:08:03.275000,0 days 04:08:46.023000,0 days 04:09:24.348000,285.0,262.0,251.0,279.0,True,MEDIUM,24.0,True,Aston Martin,0 days 04:07:33.651000,2022-10-02 15:08:33.658,1,7.0,False,,False,True,110.669
0 days 04:11:17.048000,VET,5,0 days 00:01:52.728000,59.0,2.0,,,0 days 00:00:29.664000,0 days 00:00:44.397000,0 days 00:00:38.667000,0 days 04:09:54.012000,0 days 04:10:38.409000,0 days 04:11:17.076000,291.0,262.0,248.0,,False,MEDIUM,25.0,True,Aston Martin,0 days 04:09:24.320000,2022-10-02 15:10:24.327,1,8.0,False,,False,True,112.728
0 days 03:39:16.050000,SAI,55,0 days 00:01:53.471000,42.0,2.0,,,0 days 00:00:30.318000,0 days 00:00:43.326000,0 days 00:00:39.827000,0 days 03:37:52.948000,0 days 03:38:36.274000,0 days 03:39:16.101000,,261.0,247.0,280.0,True,MEDIUM,7.0,True,Ferrari,0 days 03:37:22.579000,2022-10-02 14:38:22.586,1,3.0,False,,False,True,113.471
0 days 03:43:02.354000,SAI,55,0 days 00:01:52.063000,44.0,2.0,,,0 days 00:00:30.036000,0 days 00:00:42.858000,0 days 00:00:39.169000,0 days 03:41:40.378000,0 days 03:42:23.236000,0 days 03:43:02.405000,286.0,260.0,247.0,,True,MEDIUM,9.0,True,Ferrari,0 days 03:41:10.291000,2022-10-02 14:42:10.298,1,3.0,False,,False,True,112.063
0 days 03:44:53.342000,SAI,55,0 days 00:01:50.988000,45.0,2.0,,,0 days 00:00:29.790000,0 days 00:00:42.254000,0 days 00:00:38.944000,0 days 03:43:32.195000,0 days 03:44:14.449000,0 days 03:44:53.393000,,261.0,249.0,,True,MEDIUM,10.0,True,Ferrari,0 days 03:43:02.354000,2022-10-02 14:44:02.361,1,3.0,False,,False,True,110.988
0 days 03:46:44.390000,SAI,55,0 days 00:01:51.048000,46.0,2.0,,,0 days 00:00:29.819000,0 days 00:00:42.222000,0 days 00:00:39.007000,0 days 03:45:23.212000,0 days 03:46:05.434000,0 days 03:46:44.441000,,261.0,248.0,280.0,False,MEDIUM,11.0,True,Ferrari,0 days 03:44:53.342000,2022-10-02 14:45:53.349,1,3.0,False,,False,True,111.048
0 days 03:48:34.730000,SAI,55,0 days 00:01:50.340000,47.0,2.0,,,0 days 00:00:29.572000,0 days 00:00:42.169000,0 days 00:00:38.599000,0 days 03:47:14.013000,0 days 03:47:56.182000,0 days 03:48:34.781000,287.0,262.0,250.0,,True,MEDIUM,12.0,True,Ferrari,0 days 03:46:44.390000,2022-10-02 14:47:44.397,1,3.0,False,,False,True,110.34
0 days 03:50:24.831000,SAI,55,0 days 00:01:50.101000,48.0,2.0,,,0 days 00:00:29.548000,0 days 00:00:41.887000,0 days 00:00:38.666000,0 days 03:49:04.329000,0 days 03:49:46.216000,0 days 03:50:24.882000,288.0,262.0,250.0,281.0,True,MEDIUM,13.0,True,Ferrari,0 days 03:48:34.730000,2022-10-02 14:49:34.737,1,3.0,False,,False,True,110.101
0 days 03:52:14.836000,SAI,55,0 days 00:01:50.005000,49.0,2.0,,,0 days 00:00:29.722000,0 days 00:00:41.699000,0 days 00:00:38.584000,0 days 03:50:54.604000,0 days 03:51:36.303000,0 days 03:52:14.887000,287.0,262.0,251.0,,True,MEDIUM,14.0,True,Ferrari,0 days 03:50:24.831000,2022-10-02 14:51:24.838,1,3.0,False,,False,True,110.005
0 days 03:54:04.932000,SAI,55,0 days 00:01:50.096000,50.0,2.0,,,0 days 00:00:29.667000,0 days 00:00:41.756000,0 days 00:00:38.673000,0 days 03:52:44.554000,0 days 03:53:26.310000,0 days 03:54:04.983000,,262.0,250.0,282.0,False,MEDIUM,15.0,True,Ferrari,0 days 03:52:14.836000,2022-10-02 14:53:14.843,1,3.0,False,,False,True,110.096
0 days 03:55:54.356000,SAI,55,0 days 00:01:49.424000,51.0,2.0,,,0 days 00:00:29.597000,0 days 00:00:41.540000,0 days 00:00:38.287000,0 days 03:54:34.580000,0 days 03:55:16.120000,0 days 03:55:54.407000,,263.0,249.0,281.0,True,MEDIUM,16.0,True,Ferrari,0 days 03:54:04.932000,2022-10-02 14:55:04.939,1,3.0,False,,False,True,109.424
0 days 03:57:44.039000,SAI,55,0 days 00:01:49.683000,52.0,2.0,,,0 days 00:00:29.577000,0 days 00:00:41.664000,0 days 00:00:38.442000,0 days 03:56:23.984000,0 days 03:57:05.648000,0 days 03:57:44.090000,286.0,262.0,250.0,280.0,False,MEDIUM,17.0,True,Ferrari,0 days 03:55:54.356000,2022-10-02 14:56:54.363,1,3.0,False,,False,True,109.683
0 days 03:59:33.459000,SAI,55,0 days 00:01:49.420000,53.0,2.0,,,0 days 00:00:29.602000,0 days 00:00:41.701000,0 days 00:00:38.117000,0 days 03:58:13.692000,0 days 03:58:55.393000,0 days 03:59:33.510000,288.0,263.0,250.0,282.0,True,MEDIUM,18.0,True,Ferrari,0 days 03:57:44.039000,2022-10-02 14:58:44.046,1,3.0,False,,False,True,109.42
0 days 04:01:23.085000,SAI,55,0 days 00:01:49.626000,54.0,2.0,,,0 days 00:00:29.663000,0 days 00:00:41.897000,0 days 00:00:38.066000,0 days 04:00:03.173000,0 days 04:00:45.070000,0 days 04:01:23.136000,,263.0,251.0,281.0,False,MEDIUM,19.0,True,Ferrari,0 days 03:59:33.459000,2022-10-02 15:00:33.466,1,3.0,False,,False,True,109.626
0 days 04:03:12.431000,SAI,55,0 days 00:01:49.346000,55.0,2.0,,,0 days 00:00:29.675000,0 days 00:00:41.610000,0 days 00:00:38.061000,0 days 04:01:52.811000,0 days 04:02:34.421000,0 days 04:03:12.482000,287.0,263.0,251.0,282.0,True,MEDIUM,20.0,True,Ferrari,0 days 04:01:23.085000,2022-10-02 15:02:23.092,1,3.0,False,,False,True,109.346
0 days 04:05:01.444000,SAI,55,0 days 00:01:49.013000,56.0,2.0,,,0 days 00:00:29.455000,0 days 00:00:41.771000,0 days 00:00:37.787000,0 days 04:03:41.937000,0 days 04:04:23.708000,0 days 04:05:01.495000,289.0,264.0,251.0,,True,MEDIUM,21.0,True,Ferrari,0 days 04:03:12.431000,2022-10-02 15:04:12.438,1,3.0,False,,False,True,109.013
0 days 04:06:50.156000,SAI,55,0 days 00:01:48.712000,57.0,2.0,,,0 days 00:00:29.488000,0 days 00:00:41.420000,0 days 00:00:37.804000,0 days 04:05:30.983000,0 days 04:06:12.403000,0 days 04:06:50.207000,288.0,264.0,253.0,,True,MEDIUM,22.0,True,Ferrari,0 days 04:05:01.444000,2022-10-02 15:06:01.451,1,3.0,False,,False,True,108.712
0 days 04:08:38.902000,SAI,55,0 days 00:01:48.746000,58.0,2.0,,,0 days 00:00:29.371000,0 days 00:00:41.584000,0 days 00:00:37.791000,0 days 04:07:19.578000,0 days 04:08:01.162000,0 days 04:08:38.953000,,263.0,253.0,,False,MEDIUM,23.0,True,Ferrari,0 days 04:06:50.156000,2022-10-02 15:07:50.163,1,3.0,False,,False,True,108.746
0 days 04:10:27.316000,SAI,55,0 days 00:01:48.414000,59.0,2.0,,,0 days 00:00:29.239000,0 days 00:00:41.440000,0 days 00:00:37.735000,0 days 04:09:08.192000,0 days 04:09:49.632000,0 days 04:10:27.367000,292.0,265.0,252.0,285.0,True,MEDIUM,24.0,True,Ferrari,0 days 04:08:38.902000,2022-10-02 15:09:38.909,1,3.0,False,,False,True,108.414
0 days 03:49:08.652000,RUS,63,0 days 00:01:53.640000,46.0,4.0,,,0 days 00:00:30.010000,0 days 00:00:43.566000,0 days 00:00:40.064000,0 days 03:47:44.990000,0 days 03:48:28.556000,0 days 03:49:08.620000,310.0,273.0,250.0,293.0,True,SOFT,5.0,True,Mercedes,0 days 03:47:15.012000,2022-10-02 14:48:15.019,1,13.0,False,,False,True,113.64
0 days 03:50:59.157000,RUS,63,0 days 00:01:50.505000,47.0,4.0,,,0 days 00:00:29.763000,0 days 00:00:42.212000,0 days 00:00:38.530000,0 days 03:49:38.383000,0 days 03:50:20.595000,0 days 03:50:59.125000,287.0,263.0,252.0,284.0,True,SOFT,6.0,True,Mercedes,0 days 03:49:08.652000,2022-10-02 14:50:08.659,1,13.0,False,,False,True,110.505
0 days 03:52:50.760000,RUS,63,0 days 00:01:51.603000,48.0,4.0,,,0 days 00:00:29.518000,0 days 00:00:42.362000,0 days 00:00:39.723000,0 days 03:51:28.643000,0 days 03:52:11.005000,0 days 03:52:50.728000,289.0,273.0,219.0,285.0,False,SOFT,7.0,True,Mercedes,0 days 03:50:59.157000,2022-10-02 14:51:59.164,1,13.0,False,,False,True,111.603
0 days 03:56:39.029000,RUS,63,0 days 00:01:49.567000,50.0,4.0,,,0 days 00:00:29.418000,0 days 00:00:41.769000,0 days 00:00:38.380000,0 days 03:55:18.848000,0 days 03:56:00.617000,0 days 03:56:38.997000,287.0,263.0,252.0,284.0,True,SOFT,9.0,True,Mercedes,0 days 03:54:49.462000,2022-10-02 14:55:49.469,1,13.0,False,,False,True,109.567
0 days 04:02:47.525000,RUS,63,0 days 00:01:50.349000,53.0,5.0,,,0 days 00:00:29.656000,0 days 00:00:42.158000,0 days 00:00:38.535000,0 days 04:01:26.800000,0 days 04:02:08.958000,0 days 04:02:47.493000,283.0,250.0,251.0,272.0,False,SOFT,2.0,True,Mercedes,0 days 04:00:57.176000,2022-10-02 15:01:57.183,1,14.0,False,,False,True,110.349
0 days 04:04:33.983000,RUS,63,0 days 00:01:46.458000,54.0,5.0,,,0 days 00:00:28.869000,0 days 00:00:40.391000,0 days 00:00:37.198000,0 days 04:03:16.362000,0 days 04:03:56.753000,0 days 04:04:33.951000,290.0,266.0,253.0,282.0,True,SOFT,3.0,True,Mercedes,0 days 04:02:47.525000,2022-10-02 15:03:47.532,1,14.0,False,,False,True,106.458
0 days 04:06:25.657000,RUS,63,0 days 00:01:51.674000,55.0,5.0,,,0 days 00:00:32.054000,0 days 00:00:41.900000,0 days 00:00:37.720000,0 days 04:05:06.005000,0 days 04:05:47.905000,0 days 04:06:25.625000,274.0,257.0,251.0,269.0,False,SOFT,4.0,True,Mercedes,0 days 04:04:33.983000,2022-10-02 15:05:33.990,1,14.0,False,,False,True,111.674
0 days 04:10:13.510000,RUS,63,0 days 00:01:51.903000,57.0,5.0,,,0 days 00:00:30.515000,0 days 00:00:42.424000,0 days 00:00:38.964000,0 days 04:08:52.090000,0 days 04:09:34.514000,0 days 04:10:13.478000,297.0,277.0,235.0,237.0,False,SOFT,6.0,True,Mercedes,0 days 04:08:21.607000,2022-10-02 15:09:21.614,1,14.0,False,,False,True,111.903
0 days 03:43:22.977000,BOT,77,0 days 00:01:53.723000,44.0,2.0,,,0 days 00:00:30.251000,0 days 00:00:43.553000,0 days 00:00:39.919000,0 days 03:41:59.491000,0 days 03:42:43.044000,0 days 03:43:22.963000,289.0,262.0,240.0,,True,SOFT,11.0,True,Alfa Romeo,0 days 03:41:29.254000,2022-10-02 14:42:29.261,1,10.0,False,,False,True,113.723
0 days 03:47:11.690000,BOT,77,0 days 00:01:53.728000,46.0,2.0,,,0 days 00:00:30.344000,0 days 00:00:43.739000,0 days 00:00:39.645000,0 days 03:45:48.292000,0 days 03:46:32.031000,0 days 03:47:11.676000,289.0,261.0,243.0,290.0,False,SOFT,13.0,True,Alfa Romeo,0 days 03:45:17.962000,2022-10-02 14:46:17.969,1,10.0,False,,False,True,113.728
0 days 03:49:04.426000,BOT,77,0 days 00:01:52.736000,47.0,2.0,,,0 days 00:00:30.088000,0 days 00:00:43.025000,0 days 00:00:39.623000,0 days 03:47:41.764000,0 days 03:48:24.789000,0 days 03:49:04.412000,288.0,261.0,242.0,280.0,True,SOFT,14.0,True,Alfa Romeo,0 days 03:47:11.690000,2022-10-02 14:48:11.697,1,10.0,False,,False,True,112.736
0 days 03:50:57.005000,BOT,77,0 days 00:01:52.579000,48.0,2.0,,,0 days 00:00:30.217000,0 days 00:00:43.065000,0 days 00:00:39.297000,0 days 03:49:34.629000,0 days 03:50:17.694000,0 days 03:50:56.991000,289.0,262.0,243.0,,True,SOFT,15.0,True,Alfa Romeo,0 days 03:49:04.426000,2022-10-02 14:50:04.433,1,10.0,False,,False,True,112.579
0 days 03:52:50.076000,BOT,77,0 days 00:01:53.071000,49.0,2.0,,,0 days 00:00:29.999000,0 days 00:00:43.200000,0 days 00:00:39.872000,0 days 03:51:26.990000,0 days 03:52:10.190000,0 days 03:52:50.062000,288.0,272.0,246.0,279.0,False,SOFT,16.0,True,Alfa Romeo,0 days 03:50:57.005000,2022-10-02 14:51:57.012,1,10.0,False,,False,True,113.071
0 days 03:56:38.033000,BOT,77,0 days 00:01:53.656000,51.0,2.0,,,0 days 00:00:30.455000,0 days 00:00:43.567000,0 days 00:00:39.634000,0 days 03:55:14.818000,0 days 03:55:58.385000,0 days 03:56:38.019000,286.0,260.0,242.0,278.0,False,SOFT,18.0,True,Alfa Romeo,0 days 03:54:44.377000,2022-10-02 14:55:44.384,1,11.0,False,,False,True,113.656
0 days 03:58:29.897000,BOT,77,0 days 00:01:51.864000,52.0,2.0,,,0 days 00:00:30.011000,0 days 00:00:42.770000,0 days 00:00:39.083000,0 days 03:57:08.030000,0 days 03:57:50.800000,0 days 03:58:29.883000,288.0,262.0,242.0,280.0,True,SOFT,19.0,True,Alfa Romeo,0 days 03:56:38.033000,2022-10-02 14:57:38.040,1,11.0,False,,False,True,111.864
0 days 04:00:22.796000,BOT,77,0 days 00:01:52.899000,53.0,2.0,,,0 days 00:00:30.313000,0 days 00:00:43.209000,0 days 00:00:39.377000,0 days 03:59:00.196000,0 days 03:59:43.405000,0 days 04:00:22.782000,287.0,261.0,240.0,,False,SOFT,20.0,True,Alfa Romeo,0 days 03:58:29.897000,2022-10-02 14:59:29.904,1,11.0,False,,False,True,112.899
0 days 04:02:15.024000,BOT,77,0 days 00:01:52.228000,54.0,2.0,,,0 days 00:00:30.109000,0 days 00:00:43.145000,0 days 00:00:38.974000,0 days 04:00:52.891000,0 days 04:01:36.036000,0 days 04:02:15.010000,,262.0,241.0,279.0,False,SOFT,21.0,True,Alfa Romeo,0 days 04:00:22.796000,2022-10-02 15:01:22.803,1,11.0,False,,False,True,112.228
0 days 04:04:07.359000,BOT,77,0 days 00:01:52.335000,55.0,2.0,,,0 days 00:00:30.059000,0 days 00:00:43.170000,0 days 00:00:39.106000,0 days 04:02:45.069000,0 days 04:03:28.239000,0 days 04:04:07.345000,,262.0,243.0,,False,SOFT,22.0,True,Alfa Romeo,0 days 04:02:15.024000,2022-10-02 15:03:15.031,1,11.0,False,,False,True,112.335
0 days 04:05:59.621000,BOT,77,0 days 00:01:52.262000,56.0,2.0,,,0 days 00:00:30.046000,0 days 00:00:43.075000,0 days 00:00:39.141000,0 days 04:04:37.391000,0 days 04:05:20.466000,0 days 04:05:59.607000,286.0,261.0,241.0,278.0,False,SOFT,23.0,True,Alfa Romeo,0 days 04:04:07.359000,2022-10-02 15:05:07.366,1,11.0,False,,False,True,112.262
0 days 04:07:52.897000,BOT,77,0 days 00:01:53.276000,57.0,2.0,,,0 days 00:00:30.017000,0 days 00:00:43.801000,0 days 00:00:39.458000,0 days 04:06:29.624000,0 days 04:07:13.425000,0 days 04:07:52.883000,285.0,260.0,240.0,277.0,False,SOFT,24.0,True,Alfa Romeo,0 days 04:05:59.621000,2022-10-02 15:06:59.628,1,11.0,False,,False,True,113.276
